"","diel","p25_nee","med_nee","p75_nee","p25_ch4","med_ch4","p75_ch4","p25_wind","med_wind","p75_wind"
"1","Day",-0.3787865,1.20378633333333,3.56618125,-0.003229935,-0.000104,0.00490786,0.91025875,1.24744125,1.71174766666667
"2","Night",-0.8052311875,1.159992,3.17078,-0.0025368475,0.00099625,0.0073219525,0.8019971875,1.07302083333333,1.449876025
