"","diel","season","Year","Month","Day","NEE","CH4","u"
"1","Dawn","Fall",2021.5,10,16,1.02540666666667,0.0020506,1.28584916666667
"2","Dawn","Spring",2022,4,16,1.050698625,-0.000986178,1.18944646666667
"3","Dawn","Summer",2021.5,7.5,16,3.7592,0.00346833333333333,1.20926833333333
"4","Dawn","Winter",2022,2,16,1.022231,-0.0023784,1.34279542631466
"5","Dusk","Fall",2021.5,10,16,0.34211,0.0030725,1.413235
"6","Dusk","Spring",2022,4,16,-0.193407333333333,-0.000293333333333333,1.24372625
"7","Dusk","Summer",2021.5,7.5,16,-0.32944104,0.003868,1.075214275
"8","Dusk","Winter",2022,2,16,0.25561575,-0.000530333333333333,1.35484166666667
