"","diel","season","Year","Month","Day","NEE","CH4","u"
"1","Day","Fall",2021.5,10,16,1.018891875,0.001245390625,1.32244
"2","Day","Spring",2022,4,16,0.675926666666667,-0.000311666666666667,1.18330925
"3","Day","Summer",2021.5,7.5,16,2.795579875,0.00274587,1.24825146712211
"4","Day","Winter",2022,2,16,0.98520275,-0.00158,1.26480725
"5","Night","Fall",2021.5,10,16,1.314785,0.00436231666666667,1.1269422
"6","Night","Spring",2022,4,16,0.7493055,0.00074525,1.05970641666667
"7","Night","Summer",2021.5,7.5,16,2.44196666666667,0.002515,1.00898323346919
"8","Night","Winter",2022,2,16,0.922173583333333,-0.0007296,1.2215918
