"","diel","p25_nee","med_nee","p75_nee","p25_ch4","med_ch4","p75_ch4","p25_wind","med_wind","p75_wind"
"1","Dawn",-0.1520921,1.35763333333333,4.04541333333333,-0.0046495875,-0.000713494,0.00659666666666667,0.94682344057362,1.24779833333333,1.69051014667517
"2","Dusk",-0.795199479166667,0.0876071,0.88993225,-0.002378875,0.0005225,0.0059514675,0.858230666666667,1.211221,1.72615745833333
