"","min_co2","max_co2","med_co2","mean_co2","sd_co2","cv_co2","min_ch4","max_ch4","med_ch4","mean_ch4","sd_ch4","cv_ch4"
"1",-66.6271,67.7383,0.8846985,1.85411407559765,6.79946481685004,366.723110855966,-0.0843,0.0962,0.000435,0.00197750125606998,0.0122301128826436,618.462964061489
