"","min_co2","max_co2","med_co2","mean_co2","sd_co2","cv_co2","min_ch4","max_ch4","med_ch4","mean_ch4","sd_ch4","cv_ch4"
"1",-0.542363040562343,6.35976108144235,0.122401054956066,0.343901189748079,0.862539021658488,250.81013016859,-0.00141232861006838,0.0375595255479884,0.00252493868258258,0.00469924368423845,0.00663420809503049,141.176081531631
